<?xml version="1.0" encoding="UTF-8" ?>
<!DOCTYPE mapper PUBLIC "-//mybatis.org//DTD Mapper 3.0//EN" "http://mybatis.org/dtd/mybatis-3-mapper.dtd" >
<mapper namespace="com.attendance.dao.ClassesMapper" >

	<!-- 字段绑定 开始 -->
 	 <resultMap id="BaseResultMap" type="com.attendance.model.Classes" >
  	  <id column="Id" property="id" jdbcType="INTEGER" />
   	 <result column="name" property="name" jdbcType="VARCHAR" />
   	 <result column="school_id" property="school_id" jdbcType="INTEGER" />
   	 <result column="leader_id" property="leader_id" jdbcType="INTEGER" />
  	  <result column="student_num" property="student_num" jdbcType="INTEGER" />
 	 </resultMap>
  	<!-- 字段绑定结束 -->
  	
  <sql id="Base_Column_List" >
    Id, name, school_id, leader_id, student_num
  </sql>
  <select id="selectByPrimaryKey" resultMap="BaseResultMap" parameterType="java.lang.Integer" >
    select 
    <include refid="Base_Column_List" />
    from classes
    where Id = #{id,jdbcType=INTEGER}
  </select>
  <!--  
  <select id="getClasses" resultMap="ClassesResultMap" parameterType="java.lang.Integer" >
	select name  from classes c,lessonhave l where l.classes_id = c.Id and l.lesson_id = #{id}
</select>
  
 <resultMap type="com.attendance.model.Classes" id="ClassesResultMap">
 	<id property="id" column = "Id"/>
 	<result property = "name" column="name"/>
 	<association property="lessonhave" javaType="com.attendance.model.LessonHave">
 		<id property="id" column="Id"  jdbcType="INTEGER"/>
 		<result property="classes_id" column="classes_id"  jdbcType="INTEGER"/>
 		<result property="lesson_id" column="lesson_id"  jdbcType="INTEGER"/>
 	</association>
 </resultMap>
 -->
 

  
  <delete id="deleteByPrimaryKey" parameterType="java.lang.Integer" >
    delete from classes
    where Id = #{id,jdbcType=INTEGER}
  </delete>
  <insert id="insert" parameterType="com.attendance.model.Classes" >
    insert into classes (Id, name, school_id, 
      leader_id, student_num)
    values (#{id,jdbcType=INTEGER}, #{name,jdbcType=VARCHAR}, #{school_id,jdbcType=INTEGER}, 
      #{leader_id,jdbcType=INTEGER}, #{student_num,jdbcType=INTEGER})
  </insert>
  <insert id="insertSelective" parameterType="com.attendance.model.Classes" >
    insert into classes
    <trim prefix="(" suffix=")" suffixOverrides="," >
      <if test="id != null" >
        Id,
      </if>
      <if test="name != null" >
        name,
      </if>
      <if test="school_id != null" >
        school_id,
      </if>
      <if test="leader_id != null" >
        leader_id,
      </if>
      <if test="student_num != null" >
        student_num,
      </if>
    </trim>
    <trim prefix="values (" suffix=")" suffixOverrides="," >
      <if test="id != null" >
        #{id,jdbcType=INTEGER},
      </if>
      <if test="name != null" >
        #{name,jdbcType=VARCHAR},
      </if>
      <if test="school_id != null" >
        #{school_id,jdbcType=INTEGER},
      </if>
      <if test="leader_id != null" >
        #{leader_id,jdbcType=INTEGER},
      </if>
      <if test="student_num != null" >
        #{student_num,jdbcType=INTEGER},
      </if>
    </trim>
  </insert>
  <update id="updateByPrimaryKeySelective" parameterType="com.attendance.model.Classes" >
    update classes
    <set >
      <if test="name != null" >
        name = #{name,jdbcType=VARCHAR},
      </if>
      <if test="school_id != null" >
        school_id = #{school_id,jdbcType=INTEGER},
      </if>
      <if test="leader_id != null" >
        leader_id = #{leader_id,jdbcType=INTEGER},
      </if>
      <if test="student_num != null" >
        student_num = #{student_num,jdbcType=INTEGER},
      </if>
    </set>
    where Id = #{id,jdbcType=INTEGER}
  </update>
  <update id="updateByPrimaryKey" parameterType="com.attendance.model.Classes" >
    update classes
    set name = #{name,jdbcType=VARCHAR},
      school_id = #{school_id,jdbcType=INTEGER},
      leader_id = #{leader_id,jdbcType=INTEGER},
      student_num = #{student_num,jdbcType=INTEGER}
    where Id = #{id,jdbcType=INTEGER}
  </update>
</mapper>