<?xml version="1.0" encoding="UTF-8" ?>
<!DOCTYPE mapper PUBLIC "-//mybatis.org//DTD Mapper 3.0//EN" "http://mybatis.org/dtd/mybatis-3-mapper.dtd" >
<mapper namespace="com.attendance.dao.LessonMapper" >

	<!-- 字段绑定 开始 -->
  <resultMap id="BaseResultMap" type="com.attendance.model.Lesson" >
    <id column="Id" property="id" jdbcType="INTEGER" />
    <result column="name" property="name" jdbcType="VARCHAR" />
    <result column="teacher_id" property="teacher_id" jdbcType="INTEGER" />
  </resultMap>
   <!-- 字段绑定结束 -->
  
  <sql id="Base_Column_List" >
    Id, name, teacher_id
  </sql>
  <select id="selectByPrimaryKey" resultMap="BaseResultMap" parameterType="java.lang.Integer" >
    select 
    <include refid="Base_Column_List" />
    from lesson
    where Id = #{id,jdbcType=INTEGER}
  </select>
  
  
    <select id="getAllLesson" resultMap="BaseResultMap" parameterType="java.lang.Integer" >
    select 
    <include refid="Base_Column_List" />
    from lesson
    where teacher_id = #{teacherId,jdbcType=INTEGER}
  </select>
  
  <delete id="deleteByPrimaryKey" parameterType="java.lang.Integer" >
    delete from lesson
    where Id = #{id,jdbcType=INTEGER}
  </delete>
  <insert id="insert" parameterType="com.attendance.model.Lesson" >
    insert into lesson (Id, name, teacher_id
      )
    values (#{id,jdbcType=INTEGER}, #{name,jdbcType=VARCHAR}, #{teacher_id,jdbcType=INTEGER}
      )
  </insert>
  <insert id="insertSelective" parameterType="com.attendance.model.Lesson" >
    insert into lesson
    <trim prefix="(" suffix=")" suffixOverrides="," >
      <if test="id != null" >
        Id,
      </if>
      <if test="name != null" >
        name,
      </if>
      <if test="teacher_id != null" >
        teacher_id,
      </if>
    </trim>
    <trim prefix="values (" suffix=")" suffixOverrides="," >
      <if test="id != null" >
        #{id,jdbcType=INTEGER},
      </if>
      <if test="name != null" >
        #{name,jdbcType=VARCHAR},
      </if>
      <if test="teacher_id != null" >
        #{teacher_id,jdbcType=INTEGER},
      </if>
    </trim>
  </insert>
  <update id="updateByPrimaryKeySelective" parameterType="com.attendance.model.Lesson" >
    update lesson
    <set >
      <if test="name != null" >
        name = #{name,jdbcType=VARCHAR},
      </if>
      <if test="teacher_id != null" >
        teacher_id = #{teacher_id,jdbcType=INTEGER},
      </if>
    </set>
    where Id = #{id,jdbcType=INTEGER}
  </update>
  <update id="updateByPrimaryKey" parameterType="com.attendance.model.Lesson" >
    update lesson
    set name = #{name,jdbcType=VARCHAR},
      teacher_id = #{teacher_id,jdbcType=INTEGER}
    where Id = #{id,jdbcType=INTEGER}
  </update>
</mapper>