<?xml version="1.0" encoding="UTF-8" ?>
<!DOCTYPE mapper PUBLIC "-//mybatis.org//DTD Mapper 3.0//EN" "http://mybatis.org/dtd/mybatis-3-mapper.dtd" >
<mapper namespace="com.attendance.dao.StatusMapper" >

	<!-- 字段绑定 开始 -->
  <resultMap id="BaseResultMap" type="com.attendance.model.Status" >
    <id column="Id" property="id" jdbcType="INTEGER" />
    <result column="name" property="name" jdbcType="VARCHAR" />
    <result column="result" property="result" jdbcType="VARCHAR" />
  </resultMap>
    <!-- 字段绑定结束 -->
  
  <sql id="Base_Column_List" >
    Id, name, result
  </sql>
  <select id="selectByPrimaryKey" resultMap="BaseResultMap" parameterType="java.lang.Integer" >
    select 
    <include refid="Base_Column_List" />
    from status
    where Id = #{id,jdbcType=INTEGER}
  </select>
  <delete id="deleteByPrimaryKey" parameterType="java.lang.Integer" >
    delete from status
    where Id = #{id,jdbcType=INTEGER}
  </delete>
  <insert id="insert" parameterType="com.attendance.model.Status" >
    insert into status (Id, name, result
      )
    values (#{id,jdbcType=INTEGER}, #{name,jdbcType=VARCHAR}, #{result,jdbcType=VARCHAR}
      )
  </insert>
  <insert id="insertSelective" parameterType="com.attendance.model.Status" >
    insert into status
    <trim prefix="(" suffix=")" suffixOverrides="," >
      <if test="id != null" >
        Id,
      </if>
      <if test="name != null" >
        name,
      </if>
      <if test="result != null" >
        result,
      </if>
    </trim>
    <trim prefix="values (" suffix=")" suffixOverrides="," >
      <if test="id != null" >
        #{id,jdbcType=INTEGER},
      </if>
      <if test="name != null" >
        #{name,jdbcType=VARCHAR},
      </if>
      <if test="result != null" >
        #{result,jdbcType=VARCHAR},
      </if>
    </trim>
  </insert>
  <update id="updateByPrimaryKeySelective" parameterType="com.attendance.model.Status" >
    update status
    <set >
      <if test="name != null" >
        name = #{name,jdbcType=VARCHAR},
      </if>
      <if test="result != null" >
        result = #{result,jdbcType=VARCHAR},
      </if>
    </set>
    where Id = #{id,jdbcType=INTEGER}
  </update>
  <update id="updateByPrimaryKey" parameterType="com.attendance.model.Status" >
    update status
    set name = #{name,jdbcType=VARCHAR},
      result = #{result,jdbcType=VARCHAR}
    where Id = #{id,jdbcType=INTEGER}
  </update>
</mapper>