<?xml version="1.0" encoding="UTF-8" ?>
<!DOCTYPE mapper PUBLIC "-//mybatis.org//DTD Mapper 3.0//EN" "http://mybatis.org/dtd/mybatis-3-mapper.dtd" >
<mapper namespace="com.attendance.dao.StudentMapper" >

	<!-- 字段绑定 开始 -->
  <resultMap id="BaseResultMap" type="com.attendance.model.Student" >
    <id column="Id" property="id" jdbcType="INTEGER" />
    <result column="name" property="name" jdbcType="VARCHAR" />
    <result column="school_id" property="school_id" jdbcType="INTEGER" />
    <result column="classes_id" property="classes_id" jdbcType="INTEGER" />
    <result column="sex" property="sex" jdbcType="INTEGER" />
  </resultMap>
    <!-- 字段绑定结束 -->
  
  <sql id="Base_Column_List" >
    Id, name, school_id, classes_id, sex
  </sql>
  <select id="selectByPrimaryKey" resultMap="BaseResultMap" parameterType="java.lang.Integer" >
    select 
    <include refid="Base_Column_List" />
    from student
    where Id = #{id,jdbcType=INTEGER}
  </select>
  <select id="getAllStudentByClassId" resultMap="BaseResultMap" parameterType="java.lang.Integer" >
    select 
    <include refid="Base_Column_List" />
    from student
    where classes_id = #{id,jdbcType=INTEGER}
  </select>
  
  <!-- 
  <select id="getClassesId" parameterType="int" resultMap="com.attendance.model.LessonHave">
  	select * from lesson where lesson_id = #{id}
  </select>
  <select>
  
  <resultMap type="com.attendance.model.LessonHave" id="getLessonHave">
  	<id property="id" column="classes_id"/>
  	<collection property="com.attendance.model.Student" b>
  	
  </resultMap>
   -->
  
  <delete id="deleteByPrimaryKey" parameterType="java.lang.Integer" >
    delete from student
    where Id = #{id,jdbcType=INTEGER}
  </delete>
  <insert id="insert" parameterType="com.attendance.model.Student" >
    insert into student (Id, name, school_id, 
      classes_id, sex)
    values (#{id,jdbcType=INTEGER}, #{name,jdbcType=VARCHAR}, #{school_id,jdbcType=INTEGER}, 
      #{classes_id,jdbcType=INTEGER}, #{sex,jdbcType=INTEGER})
  </insert>
  <insert id="insertSelective" parameterType="com.attendance.model.Student" >
    insert into student
    <trim prefix="(" suffix=")" suffixOverrides="," >
      <if test="id != null" >
        Id,
      </if>
      <if test="name != null" >
        name,
      </if>
      <if test="school_id != null" >
        school_id,
      </if>
      <if test="classes_id != null" >
        classes_id,
      </if>
      <if test="sex != null" >
        sex,
      </if>
    </trim>
    <trim prefix="values (" suffix=")" suffixOverrides="," >
      <if test="id != null" >
        #{id,jdbcType=INTEGER},
      </if>
      <if test="name != null" >
        #{name,jdbcType=VARCHAR},
      </if>
      <if test="school_id != null" >
        #{school_id,jdbcType=INTEGER},
      </if>
      <if test="classes_id != null" >
        #{classes_id,jdbcType=INTEGER},
      </if>
      <if test="sex != null" >
        #{sex,jdbcType=INTEGER},
      </if>
    </trim>
  </insert>
  <update id="updateByPrimaryKeySelective" parameterType="com.attendance.model.Student" >
    update student
    <set >
      <if test="name != null" >
        name = #{name,jdbcType=VARCHAR},
      </if>
      <if test="school_id != null" >
        school_id = #{school_id,jdbcType=INTEGER},
      </if>
      <if test="classes_id != null" >
        classes_id = #{classes_id,jdbcType=INTEGER},
      </if>
      <if test="sex != null" >
        sex = #{sex,jdbcType=INTEGER},
      </if>
    </set>
    where Id = #{id,jdbcType=INTEGER}
  </update>
  <update id="updateByPrimaryKey" parameterType="com.attendance.model.Student" >
    update student
    set name = #{name,jdbcType=VARCHAR},
      school_id = #{school_id,jdbcType=INTEGER},
      classes_id = #{classes_id,jdbcType=INTEGER},
      sex = #{sex,jdbcType=INTEGER}
    where Id = #{id,jdbcType=INTEGER}
  </update>
</mapper>