<?xml version="1.0" encoding="UTF-8" ?>
<!DOCTYPE mapper PUBLIC "-//mybatis.org//DTD Mapper 3.0//EN" "http://mybatis.org/dtd/mybatis-3-mapper.dtd" >
<mapper namespace="com.attendance.dao.TeacherMapper" >

	<!-- 字段绑定 开始 -->
  <resultMap id="BaseResultMap" type="com.attendance.model.Teacher" >
    <id column="Id" property="id" jdbcType="INTEGER" />
    <result column="realname" property="realname" jdbcType="VARCHAR" />
    <result column="username" property="username" jdbcType="VARCHAR" />
    <result column="password" property="password" jdbcType="VARCHAR" />
    <result column="tel" property="tel" jdbcType="VARCHAR" />
    <result column="school_id" property="school_id" jdbcType="INTEGER" />
    <result column="sex" property="sex" jdbcType="INTEGER" />
  </resultMap>
    <!-- 字段绑定结束 -->
  
  <sql id="Base_Column_List" >
    Id, realname, username, password, tel, school_id, sex
  </sql>
  <select id="selectByPrimaryKey" resultMap="BaseResultMap" parameterType="java.lang.Integer" >
    select 
    <include refid="Base_Column_List" />
    from teacher
    where Id = #{id,jdbcType=INTEGER}
  </select>
  
  <select id="selectByUserName" resultMap="BaseResultMap" parameterType="String" >
    select 
    <include refid="Base_Column_List" />
    from teacher
    where username = #{username,jdbcType=VARCHAR}
  </select>
  
  <delete id="deleteByPrimaryKey" parameterType="java.lang.Integer" >
    delete from teacher
    where Id = #{id,jdbcType=INTEGER}
  </delete>
  <insert id="insert" parameterType="com.attendance.model.Teacher" >
    insert into teacher (Id, realname, username, 
      password, tel, school_id, 
      sex)
    values (#{id,jdbcType=INTEGER}, #{realname,jdbcType=VARCHAR}, #{username,jdbcType=VARCHAR}, 
      #{password,jdbcType=VARCHAR}, #{tel,jdbcType=VARCHAR}, #{school_id,jdbcType=INTEGER}, 
      #{sex,jdbcType=INTEGER})
  </insert>
  <insert id="insertSelective" parameterType="com.attendance.model.Teacher" >
    insert into teacher
    <trim prefix="(" suffix=")" suffixOverrides="," >
      <if test="id != null" >
        Id,
      </if>
      <if test="realname != null" >
        realname,
      </if>
      <if test="username != null" >
        username,
      </if>
      <if test="password != null" >
        password,
      </if>
      <if test="tel != null" >
        tel,
      </if>
      <if test="school_id != null" >
        school_id,
      </if>
      <if test="sex != null" >
        sex,
      </if>
    </trim>
    <trim prefix="values (" suffix=")" suffixOverrides="," >
      <if test="id != null" >
        #{id,jdbcType=INTEGER},
      </if>
      <if test="realname != null" >
        #{realname,jdbcType=VARCHAR},
      </if>
      <if test="username != null" >
        #{username,jdbcType=VARCHAR},
      </if>
      <if test="password != null" >
        #{password,jdbcType=VARCHAR},
      </if>
      <if test="tel != null" >
        #{tel,jdbcType=VARCHAR},
      </if>
      <if test="school_id != null" >
        #{school_id,jdbcType=INTEGER},
      </if>
      <if test="sex != null" >
        #{sex,jdbcType=INTEGER},
      </if>
    </trim>
  </insert>
  <update id="updateByPrimaryKeySelective" parameterType="com.attendance.model.Teacher" >
    update teacher
    <set >
      <if test="realname != null" >
        realname = #{realname,jdbcType=VARCHAR},
      </if>
      <if test="username != null" >
        username = #{username,jdbcType=VARCHAR},
      </if>
      <if test="password != null" >
        password = #{password,jdbcType=VARCHAR},
      </if>
      <if test="tel != null" >
        tel = #{tel,jdbcType=VARCHAR},
      </if>
      <if test="school_id != null" >
        school_id = #{school_id,jdbcType=INTEGER},
      </if>
      <if test="sex != null" >
        sex = #{sex,jdbcType=INTEGER},
      </if>
    </set>
    where Id = #{id,jdbcType=INTEGER}
  </update>
  <update id="updateByPrimaryKey" parameterType="com.attendance.model.Teacher" >
    update teacher
    set realname = #{realname,jdbcType=VARCHAR},
      username = #{username,jdbcType=VARCHAR},
      password = #{password,jdbcType=VARCHAR},
      tel = #{tel,jdbcType=VARCHAR},
      school_id = #{school_id,jdbcType=INTEGER},
      sex = #{sex,jdbcType=INTEGER}
    where Id = #{id,jdbcType=INTEGER}
  </update>
</mapper>