<?xml version="1.0" encoding="UTF-8"?>
<!DOCTYPE html PUBLIC "-//W3C//DTD XHTML 1.0 Strict//EN" "http://www.w3.org/2002/xmlspec/dtd/2.10/xmlspec.dtd">
<configuration>
    <appender name="STDOUT" class="ch.qos.logback.core.ConsoleAppender">
        <encoder class="ch.qos.logback.classic.encoder.PatternLayoutEncoder">
            <Pattern>%d{HH:mm:ss} %-5level %logger{35} - %msg%n
            </Pattern>
        </encoder>
    </appender>
    <!-- 
    <logger name="com.demo" level="DEBUG"/>
    <logger name="com.ibatis" level="DEBUG"/>
    <logger name="com.ibatis.common.jdbc.SimpleDataSource" level="DEBUG"/>
    <logger name="com.ibatis.common.jdbc.ScriptRunner" level="DEBUG"/>
    <logger name="com.ibatis.sqlmap.engine.impl.SqlMapClientDelegate" level="DEBUG"/>    
    <logger name="java.sql.Connection" level="DEBUG"/>
    <logger name="java.sql.Statement" level="DEBUG"/>
    <logger name="java.sql.PreparedStatement" level="DEBUG"/>
     -->
    <root>
        <level value="DEBUG" />
        <appender-ref ref="STDOUT" />
    </root>
</configuration>