<?xml version="1.0" encoding="UTF-8" ?>
<!DOCTYPE configuration  PUBLIC "-//mybatis.org//DTD Config 3.0//EN" "http://mybatis.org/dtd/mybatis-3-config.dtd">
<configuration>
	<!-- 配置别名-->
	<typeAliases>
		<typeAlias alias="Student" type="com.attendance.model.Student" />
		<typeAlias alias="Teacher" type="com.attendance.model.Teacher" />
		<typeAlias alias="Classes" type="com.attendance.model.Classes" />
		<typeAlias alias="School" type="com.attendance.model.School" />
		<typeAlias alias="Lesson" type="com.attendance.model.Lesson" />
		<typeAlias alias="Status" type="com.attendance.model.Status" />
		<typeAlias alias="Attend" type="com.attendance.model.Attend" />	
	</typeAliases>
</configuration>