<?xml version="1.0" encoding="UTF-8"?>
<beans xmlns="http://www.springframework.org/schema/beans"
       xmlns:xsi="http://www.w3.org/2001/XMLSchema-instance"
       xmlns:context="http://www.springframework.org/schema/context"
       xmlns:aop="http://www.springframework.org/schema/aop"  
       xmlns:mvc="http://www.springframework.org/schema/mvc"
       xsi:schemaLocation="
        http://www.springframework.org/schema/aop 
        http://www.springframework.org/schema/aop/spring-aop.xsd 
        http://www.springframework.org/schema/beans
        http://www.springframework.org/schema/beans/spring-beans.xsd
        http://www.springframework.org/schema/context
        http://www.springframework.org/schema/context/spring-context.xsd
        http://www.springframework.org/schema/mvc
        http://www.springframework.org/schema/mvc/spring-mvc.xsd">

    <context:component-scan base-package="com.attendance"/>
    <!-- 添加注解驱动 -->
    <mvc:annotation-driven enable-matrix-variables="true"/>

    <!-- 允许对静态资源文件的访问 -->
    <mvc:default-servlet-handler />

    <!-- use freemarker as view template -->
    <bean id="freemarkerConfig" class="org.springframework.web.servlet.view.freemarker.FreeMarkerConfigurer">
         <property name="templateLoaderPath" value="/" />
        <property name="freemarkerSettings">
            <props>
				<prop key="datetime_format">MM/dd/yyyy</prop>
				<prop key="number_format">0.######</prop>
				<prop key="template_update_delay">0</prop>
				<prop key="default_encoding">UTF-8</prop>
				<prop key="locale">zh_CN</prop>
            </props>
        </property>
    </bean>

    <!-- use freemarker as view -->
    <bean id="viewResolver" class="org.springframework.web.servlet.view.freemarker.FreeMarkerViewResolver">
        <property name="viewClass" value="org.springframework.web.servlet.view.freemarker.FreeMarkerView" />  
        <property name="contentType" value="text/html;charset=UTF-8" />
		<property name="exposeSpringMacroHelpers" value="true" />
		<property name="exposeRequestAttributes" value="true" />
		<property name="exposeSessionAttributes" value="true" />
		<property name="requestContextAttribute" value="rc" />
        <property name="suffix" value=".ftl" />
        <property name="cache" value="false"/>
    </bean>
    
</beans>