<?xml version="1.0" encoding="UTF-8" ?>

    <!DOCTYPE generatorConfiguration 
      PUBLIC "-//mybatis.org//DTD MyBatis Generator Configuration 1.0//EN"
      "http://mybatis.org/dtd/mybatis-generator-config_1_0.dtd">

<generatorConfiguration>
	<classPathEntry
		location="C:\Users\fzj\.m2\repository\mysql\mysql-connector-java\5.1.22\mysql-connector-java-5.1.22.jar" />
		
	<context id="mysqlTables" targetRuntime="MyBatis3">
	
		<commentGenerator>
			<property name="suppressAllComments" value="true" />
		</commentGenerator>
		
		<jdbcConnection driverClass="com.mysql.jdbc.Driver" connectionURL="jdbc:mysql://localhost:3306/attendance" userId="root" password="123456">
		</jdbcConnection>
		
		<javaTypeResolver>
			<property name="forceBigDecimals" value="false" />
		</javaTypeResolver>

		 <!-- 生成model模型，对应的包，存放位置可以指定具体的路径,如/ProjectName/src，也可以使用MAVEN来自动生成 -->
		<javaModelGenerator targetPackage="com.attendance.model"
			targetProject="src/main/java">
			<property name="enableSubPackages" value="true" />
			<property name="trimStrings" value="true" />
		</javaModelGenerator>
		
		 <!--对应的xml mapper文件  -->
		<sqlMapGenerator targetPackage="dao" targetProject="src/main/java/com/attendance">
			<property name="enableSubPackages" value="true" />
		</sqlMapGenerator>
		
		<!-- 对应的dao接口 -->
		<javaClientGenerator type="XMLMAPPER"
			targetPackage="com.attendance.dao" targetProject="src/main/java">
			<property name="enableSubPackages" value="true" />
		</javaClientGenerator>
		

			<table schema="general" tableName="student" domainObjectName="Student"
             enableCountByExample="false" enableUpdateByExample="false" enableDeleteByExample="false"
             enableSelectByExample="false" selectByExampleQueryId="false" >
            <property name="useActualColumnNames" value="true"/>
            </table>
  		<!--           
            <table schema="general" tableName="teacher" domainObjectName="Teacher"
             enableCountByExample="false" enableUpdateByExample="false" enableDeleteByExample="false"
             enableSelectByExample="false" selectByExampleQueryId="false" >
            <property name="useActualColumnNames" value="true"/>
            </table>
            
            <table schema="general" tableName="classes" domainObjectName="Classes"
             enableCountByExample="false" enableUpdateByExample="false" enableDeleteByExample="false"
             enableSelectByExample="false" selectByExampleQueryId="false" >
            <property name="useActualColumnNames" value="true"/>
            </table>
            
            <table schema="general" tableName="lesson" domainObjectName="Lesson"
             enableCountByExample="false" enableUpdateByExample="false" enableDeleteByExample="false"
             enableSelectByExample="false" selectByExampleQueryId="false" >
            <property name="useActualColumnNames" value="true"/>
            </table>
            
            <table schema="general" tableName="school" domainObjectName="School"
             enableCountByExample="false" enableUpdateByExample="false" enableDeleteByExample="false"
             enableSelectByExample="false" selectByExampleQueryId="false" >
            <property name="useActualColumnNames" value="true"/>
            </table>
            
             <table schema="general" tableName="status" domainObjectName="Status"
             enableCountByExample="false" enableUpdateByExample="false" enableDeleteByExample="false"
             enableSelectByExample="false" selectByExampleQueryId="false" >
            <property name="useActualColumnNames" value="true"/>
            </table>
            
            <table schema="general" tableName="lessonhave" domainObjectName="LessonHave"
             enableCountByExample="false" enableUpdateByExample="false" enableDeleteByExample="false"
             enableSelectByExample="false" selectByExampleQueryId="false" >
            <property name="useActualColumnNames" value="true"/>
            </table>
            
             <table schema="general" tableName="attend" domainObjectName="Attend"
             enableCountByExample="false" enableUpdateByExample="false" enableDeleteByExample="false"
             enableSelectByExample="false" selectByExampleQueryId="false" >
            <property name="useActualColumnNames" value="true"/>
            </table>
 -->
				
	</context>

</generatorConfiguration>